Q9GZZ6,chembl,identifier,alt_identifiers,in_spoke
CHEMBL267841,chembl.compound:CHEMBL267841,inchikey:CDNFAKVJGFHDDB-UHFFFAOYSA-N,,True
CHEMBL3544968,chembl.compound:CHEMBL3544968,chembl.compound:CHEMBL3544968,,True
CHEMBL368591,chembl.compound:CHEMBL368591,inchikey:QIRAYNIFEOXSPW-UHFFFAOYSA-N,,True
CHEMBL1200703,chembl.compound:CHEMBL1200703,inchikey:BUCORZSTKDOEKQ-UHFFFAOYSA-N,,True
CHEMBL23261,chembl.compound:CHEMBL23261,inchikey:FEJVSJIALLTFRP-LJQANCHMSA-N,,True
CHEMBL3545222,chembl.compound:CHEMBL3545222,chembl.compound:CHEMBL3545222,,True
CHEMBL3545087,chembl.compound:CHEMBL3545087,chembl.compound:CHEMBL3545087,,True
283454,chembl.compound:283454,,,False
Q9UGM1,chembl.compound:Q9UGM1,,,False
CHEMBL3545168,chembl.compound:CHEMBL3545168,chembl.compound:CHEMBL3545168,,True
DB08944,chembl.compound:DB08944,,,False
CHEMBL3039518,chembl.compound:CHEMBL3039518,inchikey:URWYQGVSPQJGGB-DHUJRADRSA-N,,True
CHEMBL454767,chembl.compound:CHEMBL454767,inchikey:GLILJDHGIUHYHF-UHFFFAOYSA-N,,True
CHEMBL1094785,chembl.compound:CHEMBL1094785,inchikey:IHOXNOQMRZISPV-YJYMSZOUSA-N,,True
CHEMBL217899,chembl.compound:CHEMBL217899,inchikey:DHCOPPHTVOXDKU-UHFFFAOYSA-N,,True
Q9BZW2,chembl.compound:Q9BZW2,,,False
CHEMBL238979,chembl.compound:CHEMBL238979,inchikey:GNYBGWMBQKXKSR-UHFFFAOYSA-N,,True
Q14207,chembl.compound:Q14207,,,False
Q6W3E5,chembl.compound:Q6W3E5,,,False
CHEMBL2178570,chembl.compound:CHEMBL2178570,inchikey:RKWKLTLIBREDHD-DEOSSOPVSA-N,,True
CHEMBL1696,chembl.compound:CHEMBL1696,inchikey:HCYAFALTSJYZDH-UHFFFAOYSA-N,,True
CHEMBL3039524,chembl.compound:CHEMBL3039524,inchikey:YQYFEGTYCUQBEI-UHFFFAOYSA-N,,True
CHEMBL2106170,chembl.compound:CHEMBL2106170,inchikey:ALELTFCQZDXAMQ-UHFFFAOYSA-N,,True
CHEMBL281030,chembl.compound:CHEMBL281030,inchikey:AFFWXMUEFYWYJZ-UHFFFAOYSA-N,,True
CHEMBL475903,chembl.compound:CHEMBL475903,inchikey:FHQYJZCJRZHINA-UHFFFAOYSA-N,,True
D058646,chembl.compound:D058646,,,False
F8WC51,chembl.compound:F8WC51,,,False
CHEMBL1200332,chembl.compound:CHEMBL1200332,inchikey:BWPIARFWQZKAIA-UHFFFAOYSA-N,,True
CHEMBL1742420,chembl.compound:CHEMBL1742420,inchikey:SBVYURPQULDJTI-UHFFFAOYSA-N,,True
CHEMBL313203,chembl.compound:CHEMBL313203,inchikey:BBOGMFAWIKGMBX-UHFFFAOYSA-N,,True
A6NFE2,chembl.compound:A6NFE2,,,False
D018691,chembl.compound:D018691,,,False
CHEMBL3545272,chembl.compound:CHEMBL3545272,,,False
DB00723,chembl.compound:DB00723,,,False
55025,chembl.compound:55025,,,False
CHEMBL2205245,chembl.compound:CHEMBL2205245,inchikey:KZFNSFSFTNJMTD-UHFFFAOYSA-N,,True
CHEMBL2178579,chembl.compound:CHEMBL2178579,inchikey:YQYFEGTYCUQBEI-UHFFFAOYSA-N,,True
CHEMBL1940832,chembl.compound:CHEMBL1940832,inchikey:BMKINZUHKYLSKI-DQEYMECFSA-N,,True
DB00391,chembl.compound:DB00391,,,False
CHEMBL184332,chembl.compound:CHEMBL184332,inchikey:NGIGHTDRAFHUHJ-AREMUKBSSA-N,,True
CHEMBL583047,chembl.compound:CHEMBL583047,inchikey:BUIOXJWBULUFSN-GOSISDBHSA-N,,True
CHEMBL3298234,chembl.compound:CHEMBL3298234,inchikey:WUEQPALOIZXSGA-UHFFFAOYSA-N,,True
DOID:11981,chembl.compound:DOID:11981,,,False
D018683,chembl.compound:D018683,,,False
O15054,chembl.compound:O15054,,,False
Q8TC17,chembl.compound:Q8TC17,,,False
CHEMBL182003,chembl.compound:CHEMBL182003,inchikey:DWWQIQAHGOQIJA-BUHFOSPRSA-N,,True
Q8NFN8,chembl.compound:Q8NFN8,,,False
CHEMBL1760583,chembl.compound:CHEMBL1760583,inchikey:IWIIEGCJOFYIEZ-UHFFFAOYSA-N,,True
CHEMBL2151817,chembl.compound:CHEMBL2151817,inchikey:VOYBJCDMLJODRK-CYBMUJFWSA-N,,True
CHEMBL1200765,chembl.compound:CHEMBL1200765,inchikey:UNAANXDKBXWMLN-UHFFFAOYSA-N,,True
CHEMBL184809,chembl.compound:CHEMBL184809,inchikey:CGYVRHMWFDMEPW-UHFFFAOYSA-N,,True
CHEMBL192321,chembl.compound:CHEMBL192321,inchikey:SZBBKBVEFNNLQZ-UHFFFAOYSA-N,,True
DB09000,chembl.compound:DB09000,,,False
CHEMBL2016681,chembl.compound:CHEMBL2016681,inchikey:WGEWUYACXPEFPO-UHFFFAOYSA-N,,True
CHEMBL74281,chembl.compound:CHEMBL74281,inchikey:BTJKNWWHSZVJIP-UHFFFAOYSA-N,,True
CHEMBL3299117,chembl.compound:CHEMBL3299117,inchikey:JAGGGUUOOPMDRG-UHFFFAOYSA-N,,True
CHEMBL1256696,chembl.compound:CHEMBL1256696,inchikey:AKJDEXBCRLOVTH-UHFFFAOYSA-N,,True
CHEMBL1714,chembl.compound:CHEMBL1714,inchikey:YQEZLKZALYSWHR-UHFFFAOYSA-N,,True
CHEMBL1255743,chembl.compound:CHEMBL1255743,inchikey:AELCINSCMGFISI-DTWKUNHWSA-N,,True
CHEMBL3260491,chembl.compound:CHEMBL3260491,inchikey:IPKXNHRYZPSSFR-UHFFFAOYSA-N,,True
A6NHJ4,chembl.compound:A6NHJ4,,,False
CHEMBL12089,chembl.compound:CHEMBL12089,inchikey:YBHILYKTIRIUTE-UHFFFAOYSA-N,,True
GO:0086092,chembl.compound:GO:0086092,,,False
CHEMBL299683,chembl.compound:CHEMBL299683,inchikey:DNCAZYRLRMTVSF-UHFFFAOYSA-N,,True
CHEMBL2071018,chembl.compound:CHEMBL2071018,inchikey:FKIVBDPMUAFWGP-UHFFFAOYSA-N,,True
CHEMBL241120,chembl.compound:CHEMBL241120,inchikey:TYGGQOXANGOHKM-UHFFFAOYSA-N,,True
CHEMBL1940538,chembl.compound:CHEMBL1940538,inchikey:QKADSHKUXVGWTL-FXVJXKIMSA-N,,True
CHEMBL418328,chembl.compound:CHEMBL418328,inchikey:RXCDHJANJVJLRC-ZETCQYMHSA-N,,True
CHEMBL26260,chembl.compound:CHEMBL26260,inchikey:OUGIDAPQYNCXRA-UHFFFAOYSA-N,,True
CHEMBL1644131,chembl.compound:CHEMBL1644131,inchikey:UYUMTQVAGHXLJZ-NRFANRHFSA-N,,True
CHEMBL1963280,chembl.compound:CHEMBL1963280,inchikey:ZHUPKALTWVLYNU-UHFFFAOYSA-N,,True
GO:1901876,chembl.compound:GO:1901876,,,False
CHEMBL2349341,chembl.compound:CHEMBL2349341,inchikey:JSSIKAYQGBLIBU-UHFFFAOYSA-N,,True
CHEMBL2105527,chembl.compound:CHEMBL2105527,inchikey:IQWYAQCHYZHJOS-UHFFFAOYSA-N,,True
Q9UDX3,chembl.compound:Q9UDX3,,,False
DOID:2983,chembl.compound:DOID:2983,,,False
CHEMBL3228343,chembl.compound:CHEMBL3228343,inchikey:FTLTYWCATOMMQM-WLHGVMLRSA-N,,True
CHEMBL2071150,chembl.compound:CHEMBL2071150,inchikey:NIYWAPZGXVPHMZ-UHFFFAOYSA-N,,True
CHEMBL2071035,chembl.compound:CHEMBL2071035,inchikey:XWNIIYGLPZMHMS-UHFFFAOYSA-N,,True
CHEMBL1692,chembl.compound:CHEMBL1692,inchikey:BCGWQEUPMDMJNV-UHFFFAOYSA-N,,True
CHEMBL425885,chembl.compound:CHEMBL425885,inchikey:ZFFDWZWUQAZLDC-IWWWZYECSA-N,,True
CHEMBL230799,chembl.compound:CHEMBL230799,inchikey:IHXWXMBFUSWEPW-YUKMGLFXSA-N,,True
CHEMBL1688211,chembl.compound:CHEMBL1688211,inchikey:BHHRGAKNBXQGIO-UHFFFAOYSA-N,,True
CHEMBL197304,chembl.compound:CHEMBL197304,inchikey:UNPJHTCCHUDIIF-UHFFFAOYSA-N,,True
CHEMBL2146133,chembl.compound:CHEMBL2146133,inchikey:SUBDBMMJDZJVOS-DEOSSOPVSA-N,,True
CHEMBL185225,chembl.compound:CHEMBL185225,inchikey:NTZYUXWXXOASEM-UHFFFAOYSA-N,,True
284186,chembl.compound:284186,,,False
CHEMBL2171168,chembl.compound:CHEMBL2171168,inchikey:UZBJTIHLHSHYEL-ZDXOVATRSA-N,,True
CHEMBL1085824,chembl.compound:CHEMBL1085824,inchikey:FSBKKFGQSCIUHX-HOTGVXAUSA-N,,True
Q8IZ26,chembl.compound:Q8IZ26,,,False
CHEMBL1644605,chembl.compound:CHEMBL1644605,inchikey:NRKLSKYRBUUDLU-SJPCQFCGSA-N,,True
CHEMBL585554,chembl.compound:CHEMBL585554,inchikey:HERMOPXAGLIBKI-UHFFFAOYSA-N,,True
O00222,chembl.compound:O00222,,,False
CHEMBL186179,chembl.compound:CHEMBL186179,inchikey:IRLWJILLXJGJTD-UHFFFAOYSA-N,,True
CHEMBL560592,chembl.compound:CHEMBL560592,inchikey:BIZKIHUJGMSVFD-MNOVXSKESA-N,,True
Q6R6M4,chembl.compound:Q6R6M4,,,False
O00168,chembl.compound:O00168,,,False
CHEMBL3237984,chembl.compound:CHEMBL3237984,inchikey:MBZDOAMNOCSICC-YMXDCFFPSA-N,,True
CHEMBL185118,chembl.compound:CHEMBL185118,inchikey:KMCBGZVIIVJGJV-MUUNZHRXSA-N,,True
P53985,chembl.compound:P53985,,,False
Q15532,chembl.compound:Q15532,,,False
170627,chembl.compound:170627,,,False
Q6AI14,chembl.compound:Q6AI14,,,False
CHEMBL53479,chembl.compound:CHEMBL53479,inchikey:ORAMOMMSCMKGID-VAWYXSNFSA-N,,True
CHEBI:51371,chembl.compound:CHEBI:51371,,,False
CHEMBL2071034,chembl.compound:CHEMBL2071034,inchikey:SHCBWIXMCAIFMC-UHFFFAOYSA-N,,True
DB01580,chembl.compound:DB01580,,,False
CHEMBL1760599,chembl.compound:CHEMBL1760599,inchikey:ONSZXRWGRDRNEL-UHFFFAOYSA-N,,True
CHEMBL2204440,chembl.compound:CHEMBL2204440,inchikey:IVBZEDXONVQDIV-IBGZPJMESA-N,,True
Q8WWM1,chembl.compound:Q8WWM1,,,False
CHEMBL1774915,chembl.compound:CHEMBL1774915,inchikey:WZLCFOXGYACZKU-UHFFFAOYSA-N,,True
CHEMBL599735,chembl.compound:CHEMBL599735,inchikey:AKEWRXXBJJCYIL-UHFFFAOYSA-N,,True
Q9H3R0,chembl.compound:Q9H3R0,,,False
CHEMBL186051,chembl.compound:CHEMBL186051,inchikey:PDDJFHPVBWPORY-UHFFFAOYSA-N,,True
CHEMBL282052,chembl.compound:CHEMBL282052,inchikey:JEYCTXHKTXCGPB-UHFFFAOYSA-N,,True
CHEMBL53073,chembl.compound:CHEMBL53073,inchikey:DAFOCGYVTAOKAJ-VIFPVBQESA-N,,True
CHEMBL1395150,chembl.compound:CHEMBL1395150,inchikey:FSKFPVLPFLJRQB-UHFFFAOYSA-N,,True
CHEMBL79827,chembl.compound:CHEMBL79827,inchikey:ZQOUNGYZNKXEFI-XGGJEREUSA-N,,True
CHEMBL2105754,chembl.compound:CHEMBL2105754,inchikey:IWYJYHUNXVAVAA-OAHLLOKOSA-N,,True
CHEMBL240632,chembl.compound:CHEMBL240632,inchikey:XMBAHNLWNLBEPV-UHFFFAOYSA-N,,True
Q8TF66,chembl.compound:Q8TF66,,,False
CHEMBL112710,chembl.compound:CHEMBL112710,inchikey:NHVRIDDXGZPJTJ-UHFFFAOYSA-N,,True
CHEMBL593196,chembl.compound:CHEMBL593196,inchikey:JSJOIAGWCLDVRP-UHFFFAOYSA-N,,True
CHEMBL211296,chembl.compound:CHEMBL211296,inchikey:BDPJPPWISVHITL-KHDSOVHCSA-N,,True
P58173,chembl.compound:P58173,,,False
CHEMBL343835,chembl.compound:CHEMBL343835,inchikey:UDCVQVNMMCKETF-REWPJTCUSA-N,,True
CHEMBL2181047,chembl.compound:CHEMBL2181047,inchikey:STKDVMHZHNRUJF-LQIBPGRFSA-N,,True
CHEMBL189334,chembl.compound:CHEMBL189334,inchikey:PDTSOQUCHQATKI-NHCUHLMSSA-N,,True
CHEMBL1253843,chembl.compound:CHEMBL1253843,inchikey:SFOUWMVFSNZALF-ACEVIUSNSA-N,,True
CHEMBL1790915,chembl.compound:CHEMBL1790915,inchikey:IIACABROFGKJAI-DUULHIFXSA-N,,True
CHEMBL2314310,chembl.compound:CHEMBL2314310,inchikey:UAAJCSKHRNNLLF-UHFFFAOYSA-N,,True
CHEMBL404261,chembl.compound:CHEMBL404261,inchikey:UEGRFLJIJHRWCC-QGZVFWFLSA-N,,True
CHEMBL1213766,chembl.compound:CHEMBL1213766,inchikey:PTRSMGYKEMPQRR-UHFFFAOYSA-N,,True
Q8N0W4,chembl.compound:Q8N0W4,,,False
CHEMBL1200987,chembl.compound:CHEMBL1200987,inchikey:OROAFUQRIXKEMV-LDADJPATSA-N,,True
CHEMBL408709,chembl.compound:CHEMBL408709,inchikey:IOPDQFLTYUGXTO-UHFFFAOYSA-N,,True
Q9Y5W8,chembl.compound:Q9Y5W8,,,False
CHEMBL3707249,chembl.compound:CHEMBL3707249,inchikey:PXRYYARWCNIUKT-UHFFFAOYSA-M,,True
CHEMBL2108696,chembl.compound:CHEMBL2108696,chembl.compound:CHEMBL2108696,,True
CHEMBL51149,chembl.compound:CHEMBL51149,inchikey:XQLWNAFCTODIRK-UHFFFAOYSA-N,,True
Q3SY49,chembl.compound:Q3SY49,,,False
CHEMBL424047,chembl.compound:CHEMBL424047,inchikey:QBVCOCVSDDQBCV-IRLDBZIGSA-N,,True
O14521,chembl.compound:O14521,,,False
CHEMBL418951,chembl.compound:CHEMBL418951,inchikey:LMVPPKBFZGDQQK-UHFFFAOYSA-N,,True
CHEMBL236732,chembl.compound:CHEMBL236732,inchikey:NUALMFMLNXDIHK-AZGAKELHSA-N,,True
CHEMBL104999,chembl.compound:CHEMBL104999,inchikey:CZXAHGMAYCNGTM-UHFFFAOYSA-N,,True
CHEMBL1834492,chembl.compound:CHEMBL1834492,inchikey:GVYIJGBLYYWVGQ-UHFFFAOYSA-N,,True
CHEMBL1201149,chembl.compound:CHEMBL1201149,inchikey:DQCKKXVULJGBQN-XFWGSAIBSA-N,,True
CHEMBL1852236,chembl.compound:CHEMBL1852236,inchikey:ZLNPXKSDQKJSIZ-GJGATLCTSA-N,,True
CHEMBL446966,chembl.compound:CHEMBL446966,inchikey:JLQPVVYLBVGTJX-UHFFFAOYSA-N,,True
CHEMBL413871,chembl.compound:CHEMBL413871,inchikey:DRBRBJSYRQHXHE-TWUBVJIJSA-N,,True
CHEMBL1093137,chembl.compound:CHEMBL1093137,inchikey:YPTODVXKEJXEET-LJAQVGFWSA-N,,True
CHEMBL434540,chembl.compound:CHEMBL434540,inchikey:MTCSXDMZKVZCAO-UHFFFAOYSA-N,,True
CHEMBL2104038,chembl.compound:CHEMBL2104038,inchikey:VTDCYOLLYVAJSY-UHFFFAOYSA-N,,True
CHEMBL519122,chembl.compound:CHEMBL519122,inchikey:KHISTYKSRSFTNE-UHFFFAOYSA-N,,True
Q96IQ9,chembl.compound:Q96IQ9,,,False
CHEMBL371418,chembl.compound:CHEMBL371418,inchikey:RDIASWMVCMXULV-YFHOEESVSA-N,,True
O75069,chembl.compound:O75069,,,False
CHEMBL3104241,chembl.compound:CHEMBL3104241,inchikey:VFBLBKKMLKAPON-VFWMWCIBSA-N,,True
CHEMBL3265238,chembl.compound:CHEMBL3265238,inchikey:GAQWKARFCURWKO-HNNXBMFYSA-N,,True
CHEMBL1774921,chembl.compound:CHEMBL1774921,inchikey:ZPWTXMVGRLSLPQ-UHFFFAOYSA-N,,True
CHEMBL2334787,chembl.compound:CHEMBL2334787,inchikey:PGMOCVFOLMWSII-UHFFFAOYSA-N,,True
CHEMBL127821,chembl.compound:CHEMBL127821,inchikey:MANGDZVKHSOMTE-OCDKMJSDSA-N,,True
CHEMBL268074,chembl.compound:CHEMBL268074,inchikey:MAZBMPSWUMNOSJ-UHFFFAOYSA-N,,True
CHEMBL2314622,chembl.compound:CHEMBL2314622,inchikey:ZFWSXYHHNIWRLM-UHFFFAOYSA-N,,True
Q7RTY1,chembl.compound:Q7RTY1,,,False
CHEMBL293820,chembl.compound:CHEMBL293820,inchikey:ZQWJDHAPOGBGDT-UHFFFAOYSA-N,,True
Q92522,chembl.compound:Q92522,,,False
CHEMBL204403,chembl.compound:CHEMBL204403,inchikey:GSKSTUBDYCGHNA-DOFZRALJSA-N,,True
CHEMBL402590,chembl.compound:CHEMBL402590,inchikey:WMIWAHNZDCLEIJ-UHFFFAOYSA-N,,True
DOID:3083,chembl.compound:DOID:3083,,,False
CHEMBL340080,chembl.compound:CHEMBL340080,inchikey:YSFKPULSVDIJEL-UHFFFAOYSA-N,,True
Q8TC92,chembl.compound:Q8TC92,,,False
CHEMBL2179617,chembl.compound:CHEMBL2179617,inchikey:XXVRDVJZLCUGFB-UHFFFAOYSA-N,,True
CHEMBL1096896,chembl.compound:CHEMBL1096896,inchikey:ZOTHAEBAWXWVID-HXEFRTELSA-N,,True
CHEMBL2348806,chembl.compound:CHEMBL2348806,inchikey:BNOKIFBZSXYOCT-JTQLQIEISA-N,,True
CHEMBL2071028,chembl.compound:CHEMBL2071028,inchikey:ZDLHOZHUBVAWRV-UHFFFAOYSA-N,,True
CHEMBL982,chembl.compound:CHEMBL982,inchikey:WJBLNOPPDWQMCH-MBPVOVBZSA-N,,True
CHEMBL190086,chembl.compound:CHEMBL190086,inchikey:XEUHRKVTEHZTOH-UHFFFAOYSA-N,,True
H7C4X9,chembl.compound:H7C4X9,,,False
CHEMBL362748,chembl.compound:CHEMBL362748,inchikey:IPGKSXQOVKSOCC-MUUNZHRXSA-N,,True
CHEMBL413965,chembl.compound:CHEMBL413965,inchikey:QRZAKQDHEVVFRX-UHFFFAOYSA-N,,True
CHEMBL186679,chembl.compound:CHEMBL186679,inchikey:WRNGKJFRFDMYKK-UHFFFAOYSA-N,,True
CHEMBL149638,chembl.compound:CHEMBL149638,inchikey:REFCCVKTWAIDKV-UHFFFAOYSA-N,,True
Q9H0R8,chembl.compound:Q9H0R8,,,False
CHEMBL1256772,chembl.compound:CHEMBL1256772,inchikey:JTVPZMFULRWINT-UHFFFAOYSA-N,,True
CHEMBL608986,chembl.compound:CHEMBL608986,inchikey:JILRKAQJHRATAR-WAUSYEEPSA-N,,True
CHEMBL387402,chembl.compound:CHEMBL387402,inchikey:JUDLYNLYWMFTBG-UHFFFAOYSA-N,,True
P10153,chembl.compound:P10153,,,False
Q96S95,chembl.compound:Q96S95,,,False
CHEMBL236674,chembl.compound:CHEMBL236674,inchikey:SYDKBCVMFJSWKD-UHFFFAOYSA-N,,True
CHEBI:60606,chembl.compound:CHEBI:60606,,,False
CHEMBL445870,chembl.compound:CHEMBL445870,inchikey:SQOALYHXVGIYOV-FFKRWMOOSA-N,,True
CHEMBL2106227,chembl.compound:CHEMBL2106227,inchikey:IBYCYJFUEJQSMK-UHFFFAOYSA-N,,True
DB00409,chembl.compound:DB00409,,,False
CHEMBL1213898,chembl.compound:CHEMBL1213898,inchikey:UXRQKQKSBDBADQ-UHFFFAOYSA-N,,True
CHEMBL2103888,chembl.compound:CHEMBL2103888,inchikey:DMLGUJHNIWGCKM-DPFKZJTMSA-N,,True
CHEMBL394962,chembl.compound:CHEMBL394962,inchikey:QIDCJWKAZRISLR-UHFFFAOYSA-N,,True
CHEMBL1620811,chembl.compound:CHEMBL1620811,inchikey:FHOSJKIPIAZPJP-UHFFFAOYSA-N,,True
CHEMBL2103838,chembl.compound:CHEMBL2103838,inchikey:ORVNHOYNEHYKJG-UHFFFAOYSA-N,,True
CHEMBL2152264,chembl.compound:CHEMBL2152264,inchikey:MJYJMOYFDMVCLO-UHFFFAOYSA-N,,True
CHEMBL575023,chembl.compound:CHEMBL575023,inchikey:QINCTGKEJQBZLN-UHFFFAOYSA-N,,True
CHEMBL276679,chembl.compound:CHEMBL276679,inchikey:IAVUPMFITXYVAF-POYBYMJQSA-N,,True
CHEMBL104296,chembl.compound:CHEMBL104296,inchikey:CLWGKJWYXFQQHA-UHFFFAOYSA-N,,True
CHEMBL1951451,chembl.compound:CHEMBL1951451,inchikey:RQYBGHZNFDAJIM-UHFFFAOYSA-N,,True
CHEMBL559843,chembl.compound:CHEMBL559843,inchikey:VLJYRARAGISBAK-UHFFFAOYSA-N,,True
CHEMBL416512,chembl.compound:CHEMBL416512,inchikey:QDOTVMNTDPQVQO-UHFFFAOYSA-N,,True
CHEMBL2103831,chembl.compound:CHEMBL2103831,inchikey:AKFJWRDCWYYTIG-ZDUSSCGKSA-N,,True
CHEMBL549992,chembl.compound:CHEMBL549992,inchikey:CTPYPSLBYQWSTO-CABCVRRESA-N,,True
CHEMBL2204444,chembl.compound:CHEMBL2204444,inchikey:IADYAKBUQIPXKK-NRFANRHFSA-N,,True
CHEMBL1689809,chembl.compound:CHEMBL1689809,inchikey:ASISRSAIVWZING-UHFFFAOYSA-N,,True
CHEMBL1288810,chembl.compound:CHEMBL1288810,inchikey:PTVWPYVOOKLBCG-ZDUSSCGKSA-N,,True
CHEMBL2105762,chembl.compound:CHEMBL2105762,inchikey:MKMPWKUAHLTIBJ-ISTRZQFTSA-N,,True
CHEMBL206046,chembl.compound:CHEMBL206046,inchikey:ISVOIGTWCBLSQY-UHFFFAOYSA-N,,True
Q86YS7,chembl.compound:Q86YS7,,,False
DOID:8442,chembl.compound:DOID:8442,,,False
CHEMBL1761821,chembl.compound:CHEMBL1761821,inchikey:LTQVQLWABHPOHE-UHFFFAOYSA-N,,True
O95976,chembl.compound:O95976,,,False
CHEMBL393009,chembl.compound:CHEMBL393009,inchikey:UTVHDSOXYJJRDY-UHFFFAOYSA-N,,True
CHEMBL372797,chembl.compound:CHEMBL372797,inchikey:UUIYULWYHDSXHL-NSHDSACASA-N,,True
DOID:0110883,chembl.compound:DOID:0110883,,,False
341346,chembl.compound:341346,,,False
CHEMBL81697,chembl.compound:CHEMBL81697,inchikey:JCLHQFUTFHUXNN-UHFFFAOYSA-N,,True
N0000175746,chembl.compound:N0000175746,,,False
CHEMBL1593906,chembl.compound:CHEMBL1593906,inchikey:VZPXFHVJUUSVLH-VNJAQMQMSA-N,,True
CHEMBL1774918,chembl.compound:CHEMBL1774918,inchikey:HHVKWRGBSXPPJI-UHFFFAOYSA-N,,True
Q9H596,chembl.compound:Q9H596,,,False
CHEMBL1200764,chembl.compound:CHEMBL1200764,inchikey:NZWOPGCLSHLLPA-UHFFFAOYSA-N,,True
CHEBI:77034,chembl.compound:CHEBI:77034,,,False
CHEMBL185061,chembl.compound:CHEMBL185061,inchikey:HDPYKJMZSJWSDN-UHFFFAOYSA-N,,True
CHEMBL2315525,chembl.compound:CHEMBL2315525,inchikey:UHHIAVIBKMJOQO-PNVYSBBASA-N,,True
DB05266,chembl.compound:DB05266,,,False
CHEMBL2023929,chembl.compound:CHEMBL2023929,inchikey:KVDQWUVURWICGP-UHFFFAOYSA-N,,True
P0CG31,chembl.compound:P0CG31,,,False
CHEMBL399284,chembl.compound:CHEMBL399284,inchikey:GAZAGVAXNMLAKH-UHFFFAOYSA-N,,True
Q8TBB6,chembl.compound:Q8TBB6,,,False
CHEMBL3234759,chembl.compound:CHEMBL3234759,inchikey:UFBKEMCQIALJHL-UHFFFAOYSA-N,,True
CHEMBL600007,chembl.compound:CHEMBL600007,inchikey:JALKRHQYYXOVJR-UHFFFAOYSA-N,,True
DOID:9975,chembl.compound:DOID:9975,,,False
N0000175706,chembl.compound:N0000175706,,,False
DOID:809,chembl.compound:DOID:809,,,False
N0000006496,chembl.compound:N0000006496,,,False
339778,chembl.compound:339778,,,False
339512,chembl.compound:339512,,,False
DOID:302,chembl.compound:DOID:302,,,False
286052,chembl.compound:286052,,,False
DOID:0060166,chembl.compound:DOID:0060166,,,False
399949,chembl.compound:399949,,,False
CHEBI:35471,chembl.compound:CHEBI:35471,,,False
389763,chembl.compound:389763,,,False
D005731,chembl.compound:D005731,,,False
DOID:1849,chembl.compound:DOID:1849,,,False
10998,chembl.compound:10998,,,False
116138,chembl.compound:116138,,,False
206412,chembl.compound:206412,,,False
DOID:9505,chembl.compound:DOID:9505,,,False
DOID:6680,chembl.compound:DOID:6680,,,False
158062,chembl.compound:158062,,,False
414919,chembl.compound:414919,,,False
2913,chembl.compound:2913,,,False
DOID:0050742,chembl.compound:DOID:0050742,,,False
D018722,chembl.compound:D018722,,,False
144809,chembl.compound:144809,,,False
DOID:303,chembl.compound:DOID:303,,,False
728819,chembl.compound:728819,,,False
DOID:778,chembl.compound:DOID:778,,,False
2578,chembl.compound:2578,,,False
389158,chembl.compound:389158,,,False
DOID:0070089,chembl.compound:DOID:0070089,,,False
285812,chembl.compound:285812,,,False
C0001973,chembl.compound:C0001973,,,False
D063387,chembl.compound:D063387,,,False
DOID:0050741,chembl.compound:DOID:0050741,,,False
C0024117,chembl.compound:C0024117,,,False
DOID:3488,chembl.compound:DOID:3488,,,False
DOID:631,chembl.compound:DOID:631,,,False
DOID:5419,chembl.compound:DOID:5419,,,False
N0000175496,chembl.compound:N0000175496,,,False
388780,chembl.compound:388780,,,False
N0000175705,chembl.compound:N0000175705,,,False
DOID:0070091,chembl.compound:DOID:0070091,,,False
C0029443,chembl.compound:C0029443,,,False
497661,chembl.compound:497661,,,False
CHEMBL3545221,chembl.compound:CHEMBL3545221,inchikey:SRWQVWAIVQXPJY-QGZVFWFLSA-N,,True
DOID:3312,chembl.compound:DOID:3312,,,False
DOID:1019,chembl.compound:DOID:1019,,,False
56986,chembl.compound:56986,,,False
650293,chembl.compound:650293,,,False
DOID:11718,chembl.compound:DOID:11718,,,False
N0000175702,chembl.compound:N0000175702,,,False
C0028043,chembl.compound:C0028043,,,False
DOID:0070093,chembl.compound:DOID:0070093,,,False
GO:0001641,chembl.compound:GO:0001641,,,False
N0000166489,chembl.compound:N0000166489,,,False
C0152025,chembl.compound:C0152025,,,False
GO:0004951,chembl.compound:GO:0004951,,,False
C0344315,chembl.compound:C0344315,,,False
D065690,chembl.compound:D065690,,,False
C1167842,chembl.compound:C1167842,,,False
UBERON:0005413,chembl.compound:UBERON:0005413,,,False
P19801,chembl.compound:P19801,,,False
CHEMBL93218,chembl.compound:CHEMBL93218,inchikey:ILORKHQGIMGDFN-UHFFFAOYSA-N,,True
D062706,chembl.compound:D062706,,,False
D000068760,chembl.compound:D000068760,,,False
D009767,chembl.compound:D009767,,,False
GO:0031731,chembl.compound:GO:0031731,,,False
CHEMBL317777,chembl.compound:CHEMBL317777,inchikey:VESATANJIWURSD-FIWHBWSRSA-N,,True
CHEMBL2181742,chembl.compound:CHEMBL2181742,inchikey:ZPZYOXJIFOEOCZ-UHFFFAOYSA-N,,True
UBERON:4300186,chembl.compound:UBERON:4300186,,,False
UBERON:0001536,chembl.compound:UBERON:0001536,,,False
UBERON:0013076,chembl.compound:UBERON:0013076,,,False
CHEBI:59282,chembl.compound:CHEBI:59282,,,False
GO:0048302,chembl.compound:GO:0048302,,,False
CHEMBL2337018,chembl.compound:CHEMBL2337018,inchikey:APGXJSWMXYPTEA-UHFFFAOYSA-N,,True
C1096509,chembl.compound:C1096509,,,False
GO:0061737,chembl.compound:GO:0061737,,,False
GO:0051586,chembl.compound:GO:0051586,,,False
UBERON:0001406,chembl.compound:UBERON:0001406,,,False
C0001925,chembl.compound:C0001925,,,False
CHEMBL2181704,chembl.compound:CHEMBL2181704,inchikey:HONVADOKRZTBCS-UHFFFAOYSA-N,,True
N0000175818,chembl.compound:N0000175818,,,False
CHEMBL302628,chembl.compound:CHEMBL302628,inchikey:AMVQMVHKSYGMDL-KRWDZBQOSA-N,,True
UBERON:0006912,chembl.compound:UBERON:0006912,,,False
UBERON:0001969,chembl.compound:UBERON:0001969,,,False
UBERON:0022262,chembl.compound:UBERON:0022262,,,False
O75387,chembl.compound:O75387,,,False
GO:1901162,chembl.compound:GO:1901162,,,False
GO:0051378,chembl.compound:GO:0051378,,,False
O95166,chembl.compound:O95166,,,False
PC7_8353,chembl.compound:PC7_8353,,,False
UBERON:5012138,chembl.compound:UBERON:5012138,,,False
D050177,chembl.compound:D050177,,,False
CHEMBL2158321,chembl.compound:CHEMBL2158321,inchikey:AJMZFXUDUORRMI-UHFFFAOYSA-N,,True
C0020541,chembl.compound:C0020541,,,False
CHEBI:73182,chembl.compound:CHEBI:73182,,,False
GO:0038188,chembl.compound:GO:0038188,,,False
CHEMBL42176,chembl.compound:CHEMBL42176,inchikey:QIULADNIPAPHOG-UHFFFAOYSA-N,,True
UBERON:0008522,chembl.compound:UBERON:0008522,,,False
C0011991,chembl.compound:C0011991,,,False
C1167791,chembl.compound:C1167791,,,False
C0263888,chembl.compound:C0263888,,,False
CHEMBL209516,chembl.compound:CHEMBL209516,inchikey:MHOPYYGOSLBROC-UHFFFAOYSA-N,,True
N0000008294,chembl.compound:N0000008294,,,False
CHEMBL44746,chembl.compound:CHEMBL44746,inchikey:HSMPDPBYAYSOBC-UHFFFAOYSA-N,,True
GO:0010911,chembl.compound:GO:0010911,,,False
GO:1902523,chembl.compound:GO:1902523,,,False
CHEBI:47958,chembl.compound:CHEBI:47958,,,False
CHEMBL2071021,chembl.compound:CHEMBL2071021,inchikey:JESTWMQEZRDMBQ-UHFFFAOYSA-N,,True
UBERON:0000179,chembl.compound:UBERON:0000179,,,False
CHEMBL486336,chembl.compound:CHEMBL486336,inchikey:FOYIKIOMXHXEQA-UHFFFAOYSA-N,,True
CHEMBL2336323,chembl.compound:CHEMBL2336323,inchikey:PUQKNADZOBNSOT-HOTGVXAUSA-N,,True
UBERON:0011250,chembl.compound:UBERON:0011250,,,False
C0035232,chembl.compound:C0035232,,,False
N0000000196,chembl.compound:N0000000196,,,False
N0000178478,chembl.compound:N0000178478,,,False
C0034212,chembl.compound:C0034212,,,False
GO:1901338,chembl.compound:GO:1901338,,,False
C0032285,chembl.compound:C0032285,,,False
WP2816_r76465,chembl.compound:WP2816_r76465,,,False
UBERON:0002591,chembl.compound:UBERON:0002591,,,False
UBERON:0001974,chembl.compound:UBERON:0001974,,,False
GO:0019242,chembl.compound:GO:0019242,,,False
GO:0097398,chembl.compound:GO:0097398,,,False
UBERON:0001075,chembl.compound:UBERON:0001075,,,False
GO:0031729,chembl.compound:GO:0031729,,,False
GO:1901877,chembl.compound:GO:1901877,,,False
C0007642,chembl.compound:C0007642,,,False
D013851,chembl.compound:D013851,,,False
UBERON:0001126,chembl.compound:UBERON:0001126,,,False
UBERON:0009673,chembl.compound:UBERON:0009673,,,False
Q9Y2K7,chembl.compound:Q9Y2K7,,,False
GO:0010881,chembl.compound:GO:0010881,,,False
UBERON:0005045,chembl.compound:UBERON:0005045,,,False
GO:0015862,chembl.compound:GO:0015862,,,False
GO:0001515,chembl.compound:GO:0001515,,,False
GO:2000170,chembl.compound:GO:2000170,,,False
P36537,chembl.compound:P36537,,,False
C0549273,chembl.compound:C0549273,,,False
Q9UBL3,chembl.compound:Q9UBL3,,,False
UBERON:4300090,chembl.compound:UBERON:4300090,,,False
GO:0008227,chembl.compound:GO:0008227,,,False
D000419,chembl.compound:D000419,,,False
Q9HAW7,chembl.compound:Q9HAW7,,,False
UBERON:2001885,chembl.compound:UBERON:2001885,,,False
C1258215,chembl.compound:C1258215,,,False
C0007286,chembl.compound:C0007286,,,False
P82970,chembl.compound:P82970,,,False
GO:0006530,chembl.compound:GO:0006530,,,False
GO:0031728,chembl.compound:GO:0031728,,,False
Q969R5,chembl.compound:Q969R5,,,False
PC7_1692,chembl.compound:PC7_1692,,,False
D054068,chembl.compound:D054068,,,False
A6NHY2,chembl.compound:A6NHY2,,,False
GO:0004980,chembl.compound:GO:0004980,,,False
GO:0071955,chembl.compound:GO:0071955,,,False
GO:0099541,chembl.compound:GO:0099541,,,False
GO:0000416,chembl.compound:GO:0000416,,,False
GO:0098640,chembl.compound:GO:0098640,,,False
P35523,chembl.compound:P35523,,,False
GO:0018963,chembl.compound:GO:0018963,,,False
P16402,chembl.compound:P16402,,,False
GO:0098664,chembl.compound:GO:0098664,,,False
Q13572,chembl.compound:Q13572,,,False
O60885,chembl.compound:O60885,,,False
D019584,chembl.compound:D019584,,,False
GO:1900170,chembl.compound:GO:1900170,,,False
Q2TAY7,chembl.compound:Q2TAY7,,,False
PC7_7431,chembl.compound:PC7_7431,,,False
GO:0016499,chembl.compound:GO:0016499,,,False
PC7_3674,chembl.compound:PC7_3674,,,False
GO:0004510,chembl.compound:GO:0004510,,,False
GO:0004802,chembl.compound:GO:0004802,,,False
WP58_r80015,chembl.compound:WP58_r80015,,,False
D004884,chembl.compound:D004884,,,False
GO:0017064,chembl.compound:GO:0017064,,,False
PC7_4466,chembl.compound:PC7_4466,,,False
GO:0000825,chembl.compound:GO:0000825,,,False
D004415,chembl.compound:D004415,,,False
PC7_8329,chembl.compound:PC7_8329,,,False
GO:0042015,chembl.compound:GO:0042015,,,False
GO:0004464,chembl.compound:GO:0004464,,,False
GO:0008502,chembl.compound:GO:0008502,,,False
GO:0015056,chembl.compound:GO:0015056,,,False
D003968,chembl.compound:D003968,,,False
D009765,chembl.compound:D009765,,,False
PC7_8132,chembl.compound:PC7_8132,,,False
GO:1905286,chembl.compound:GO:1905286,,,False
WP4220_r97385,chembl.compound:WP4220_r97385,,,False
PC7_6055,chembl.compound:PC7_6055,,,False
PC7_3318,chembl.compound:PC7_3318,,,False
PC7_7740,chembl.compound:PC7_7740,,,False
WP2865_r81650,chembl.compound:WP2865_r81650,,,False
GO:1904602,chembl.compound:GO:1904602,,,False
PC7_6097,chembl.compound:PC7_6097,,,False
D059606,chembl.compound:D059606,,,False
D006456,chembl.compound:D006456,,,False
GO:0098651,chembl.compound:GO:0098651,,,False
PC7_3647,chembl.compound:PC7_3647,,,False
GO:0008043,chembl.compound:GO:0008043,,,False
GO:0070435,chembl.compound:GO:0070435,,,False
GO:0005893,chembl.compound:GO:0005893,,,False
GO:0071751,chembl.compound:GO:0071751,,,False
PC7_1581,chembl.compound:PC7_1581,,,False
GO:0005825,chembl.compound:GO:0005825,,,False
D017116,chembl.compound:D017116,,,False
D010148,chembl.compound:D010148,,,False
GO:0035517,chembl.compound:GO:0035517,,,False
PC7_1625,chembl.compound:PC7_1625,,,False
PC7_5323,chembl.compound:PC7_5323,,,False
GO:0005943,chembl.compound:GO:0005943,,,False
PC7_5325,chembl.compound:PC7_5325,,,False
GO:0099629,chembl.compound:GO:0099629,,,False
D051474,chembl.compound:D051474,,,False
GO:0032301,chembl.compound:GO:0032301,,,False
D058568,chembl.compound:D058568,,,False
GO:0038039,chembl.compound:GO:0038039,,,False
GO:0031265,chembl.compound:GO:0031265,,,False
D006930,chembl.compound:D006930,,,False
GO:1904090,chembl.compound:GO:1904090,,,False
GO:0097651,chembl.compound:GO:0097651,,,False
D059390,chembl.compound:D059390,,,False
GO:0030112,chembl.compound:GO:0030112,,,False
D011507,chembl.compound:D011507,,,False
GO:0043293,chembl.compound:GO:0043293,,,False
GO:0000333,chembl.compound:GO:0000333,,,False
GO:0070110,chembl.compound:GO:0070110,,,False
A2A368,chembl.compound:A2A368,,,False
CHEMBL2146121,chembl.compound:CHEMBL2146121,inchikey:OYPRJOBELJOOCE-UHFFFAOYSA-N,,True
DB00704,chembl.compound:DB00704,,,False
CHEMBL1830698,chembl.compound:CHEMBL1830698,inchikey:MIOXQGMSPSEKCA-UHFFFAOYSA-N,,True
CHEMBL1209746,chembl.compound:CHEMBL1209746,inchikey:AMBQPEZXLSICEE-CMDGGOBGSA-N,,True
CHEMBL2023472,chembl.compound:CHEMBL2023472,inchikey:ZUPAMCSHOGOQRE-UHFFFAOYSA-N,,True
CHEMBL2086474,chembl.compound:CHEMBL2086474,inchikey:GCOCQIBISUCPRC-UHFFFAOYSA-N,,True
Q9ULK0,chembl.compound:Q9ULK0,,,False
Q8TE76,chembl.compound:Q8TE76,,,False
Q93009,chembl.compound:Q93009,,,False
O43688,chembl.compound:O43688,,,False
P02708,chembl.compound:P02708,,,False
CHEMBL3234765,chembl.compound:CHEMBL3234765,inchikey:WZMXCKPOKMINNZ-UHFFFAOYSA-N,,True
CHEMBL1760610,chembl.compound:CHEMBL1760610,inchikey:CAHNSUHXKWWSRY-UHFFFAOYSA-N,,True
CHEMBL511439,chembl.compound:CHEMBL511439,inchikey:FOTHSRVGKSQOSD-XJQIMXLASA-N,,True
CHEMBL1806511,chembl.compound:CHEMBL1806511,inchikey:KVSGQPCLHVYQMQ-LDQAXMLRSA-N,,True
CHEMBL1807792,chembl.compound:CHEMBL1807792,inchikey:XXAWNLULHYRRBI-IRXDYDNUSA-N,,True
CHEMBL1760612,chembl.compound:CHEMBL1760612,inchikey:ZJLULZSQJMGWCS-LSDHHAIUSA-N,,True
CHEMBL1807812,chembl.compound:CHEMBL1807812,inchikey:WGTWKBHDMIJGNZ-NJAFHUGGSA-N,,True
CHEMBL1213899,chembl.compound:CHEMBL1213899,inchikey:MESLEVWZCOXIHY-UHFFFAOYSA-N,,True
CHEMBL1631858,chembl.compound:CHEMBL1631858,inchikey:ZYGZDPKEZBLAHD-UHFFFAOYSA-N,,True
CHEMBL1830911,chembl.compound:CHEMBL1830911,inchikey:XSEALTHDLJWVPC-UHFFFAOYSA-N,,True
CHEMBL1774913,chembl.compound:CHEMBL1774913,inchikey:NXVNEXNPPMPXSH-UHFFFAOYSA-N,,True
CHEMBL1738803,chembl.compound:CHEMBL1738803,inchikey:OQTGWGQVJCWDDT-UHFFFAOYSA-N,,True
CHEMBL578129,chembl.compound:CHEMBL578129,inchikey:NYNHZOFZAMITQY-NWDGAFQWSA-N,,True
CHEMBL1209662,chembl.compound:CHEMBL1209662,inchikey:VDZDQVMLKIOOSG-AATRIKPKSA-N,,True
CHEMBL2332356,chembl.compound:CHEMBL2332356,inchikey:QMQZZRSFTSGWJA-FJYMVOSHSA-N,,True
CHEMBL568252,chembl.compound:CHEMBL568252,inchikey:SFCDAKWBZXPGLA-CABCVRRESA-N,,True
CHEMBL1774832,chembl.compound:CHEMBL1774832,inchikey:FRACDPKWXUTXLU-UHFFFAOYSA-N,,True
CHEMBL2204443,chembl.compound:CHEMBL2204443,inchikey:RTQJZMWQIDJSQI-UHFFFAOYSA-N,,True
CHEMBL1939379,chembl.compound:CHEMBL1939379,inchikey:OMFBVBRFVYLRQT-UHFFFAOYSA-N,,True
CHEMBL1830707,chembl.compound:CHEMBL1830707,inchikey:DBISXWCOHGUFSF-UHFFFAOYSA-N,,True
Q9BTC8,chembl.compound:Q9BTC8,,,False
CHEMBL198726,chembl.compound:CHEMBL198726,inchikey:SCGLFWNMEUVZSE-GSDOEUIWSA-N,,True
CHEMBL405895,chembl.compound:CHEMBL405895,inchikey:CETJSTBZOJQTPJ-UHFFFAOYSA-N,,True
CHEMBL32976,chembl.compound:CHEMBL32976,inchikey:HBLKDQXEUJOJPR-XINAWCOVSA-N,,True
CHEMBL168011,chembl.compound:CHEMBL168011,inchikey:NONQEGZWXSTSHQ-UHFFFAOYSA-N,,True
CHEMBL540427,chembl.compound:CHEMBL540427,inchikey:UYSNCZHSYFZFQK-UHFFFAOYSA-N,,True
CHEMBL1922727,chembl.compound:CHEMBL1922727,inchikey:CYLDZWCKBLDHCY-UHFFFAOYSA-N,,True
CHEMBL1830703,chembl.compound:CHEMBL1830703,inchikey:QVXRVZDGANBLSG-UHFFFAOYSA-N,,True
CHEMBL1830705,chembl.compound:CHEMBL1830705,inchikey:XVAGDGYSYFRXHH-UHFFFAOYSA-N,,True
CHEMBL362006,chembl.compound:CHEMBL362006,inchikey:PWHLKLWXYJZGBV-UHFFFAOYSA-N,,True
CHEMBL1783876,chembl.compound:CHEMBL1783876,inchikey:WIAAIYJUCDAKFY-UHFFFAOYSA-N,,True
CHEMBL192937,chembl.compound:CHEMBL192937,inchikey:VDPYVEOZQMQVFW-UHFFFAOYSA-N,,True
CHEMBL200977,chembl.compound:CHEMBL200977,inchikey:JCIXRZAEVBMBOI-MHWRWJLKSA-N,,True
Q14061,chembl.compound:Q14061,,,False
CHEMBL253062,chembl.compound:CHEMBL253062,inchikey:RSTWIZZMDAKQGV-UHFFFAOYSA-N,,True
Q8NEZ4,chembl.compound:Q8NEZ4,,,False
CHEMBL1209516,chembl.compound:CHEMBL1209516,inchikey:YKGMNZGFJNNVSV-VOTSOKGWSA-N,,True
CHEMBL73698,chembl.compound:CHEMBL73698,inchikey:JRTOQOAGTSUNHA-UHFFFAOYSA-N,,True
CHEMBL1223085,chembl.compound:CHEMBL1223085,inchikey:QUKSQHJJLBHGAO-UHFFFAOYSA-N,,True
CHEMBL1629855,chembl.compound:CHEMBL1629855,inchikey:LYTVXCQQTLUEQR-UHFFFAOYSA-N,,True
CHEMBL1921951,chembl.compound:CHEMBL1921951,inchikey:ZWIUKCOUTYQCBX-UHFFFAOYSA-N,,True
CHEMBL435273,chembl.compound:CHEMBL435273,inchikey:MVSKTWOZMAWHTI-UHFFFAOYSA-N,,True
CHEMBL2386127,chembl.compound:CHEMBL2386127,inchikey:ABLXOGHWKHJQAM-UHFFFAOYSA-N,,True
CHEMBL1909436,chembl.compound:CHEMBL1909436,inchikey:ZXTBBQGJJBRESR-UHFFFAOYSA-N,,True
CHEMBL1223162,chembl.compound:CHEMBL1223162,inchikey:GDQYYNQUUMOJTJ-UHFFFAOYSA-N,,True
CHEMBL142300,chembl.compound:CHEMBL142300,inchikey:RWWSATIOUARTAR-UHFFFAOYSA-N,,True
Q8WUU5,chembl.compound:Q8WUU5,,,False
CHEMBL2159497,chembl.compound:CHEMBL2159497,inchikey:YQTNXNYANZYTBZ-UHFFFAOYSA-N,,True
CHEMBL1830696,chembl.compound:CHEMBL1830696,inchikey:SRPGAFOTMPKSDP-UHFFFAOYSA-N,,True
CHEMBL1672245,chembl.compound:CHEMBL1672245,inchikey:IUDNWUABFDZWBF-UHFFFAOYSA-N,,True
CHEMBL1209744,chembl.compound:CHEMBL1209744,inchikey:RNIPAWUERMKGSL-ONEGZZNKSA-N,,True
CHEMBL456405,chembl.compound:CHEMBL456405,inchikey:WVSZERIXPBVHTQ-BOPFTXTBSA-N,,True
CHEMBL1223084,chembl.compound:CHEMBL1223084,inchikey:VJEQPFBKQXOJQL-UHFFFAOYSA-N,,True
CHEMBL2203478,chembl.compound:CHEMBL2203478,inchikey:CAWPFXMOJFRUEA-HNNXBMFYSA-N,,True
CHEMBL375426,chembl.compound:CHEMBL375426,inchikey:SUDBOOMQYSPULE-UHFFFAOYSA-N,,True
CHEMBL2203491,chembl.compound:CHEMBL2203491,inchikey:GTKDWJXRABFIEX-SFHVURJKSA-N,,True
CHEMBL338255,chembl.compound:CHEMBL338255,inchikey:OHGKQIMZQPEGNL-TXHRRWQRSA-N,,True
CHEMBL1223161,chembl.compound:CHEMBL1223161,inchikey:XVZKCJYHDNPXTK-UHFFFAOYSA-N,,True
CHEMBL2086470,chembl.compound:CHEMBL2086470,inchikey:PAJMSUNTWHMLKC-UHFFFAOYSA-N,,True
Q8TBG4,chembl.compound:Q8TBG4,,,False
CHEMBL1921954,chembl.compound:CHEMBL1921954,inchikey:LIFOQDABDOAYFP-UHFFFAOYSA-N,,True
CHEMBL183440,chembl.compound:CHEMBL183440,inchikey:PJJGAMODQZKNBF-UHFFFAOYSA-N,,True
CHEMBL584413,chembl.compound:CHEMBL584413,inchikey:VPDWLTLORANIAR-CVEARBPZSA-N,,True
CHEMBL2023634,chembl.compound:CHEMBL2023634,inchikey:DZPYYQRAEYNYEH-UHFFFAOYSA-N,,True
CHEMBL1223385,chembl.compound:CHEMBL1223385,inchikey:WAWJOPVEBNGYSF-UHFFFAOYSA-N,,True
CHEMBL2023461,chembl.compound:CHEMBL2023461,inchikey:HHYCDNQUPPMKKX-UHFFFAOYSA-N,,True
CHEMBL1830710,chembl.compound:CHEMBL1830710,inchikey:UAZAFDBTOFCZMD-UHFFFAOYSA-N,,True
Q99259,chembl.compound:Q99259,,,False
CHEMBL2203482,chembl.compound:CHEMBL2203482,inchikey:ZFRYTRBIBPYIIA-AWEZNQCLSA-N,,True
CHEMBL496373,chembl.compound:CHEMBL496373,inchikey:YMSHSKJZBZKCOR-XBXARRHUSA-N,,True
CHEMBL1770525,chembl.compound:CHEMBL1770525,inchikey:YPCDUPVKTJDCGO-DHZHZOJOSA-N,,True
CHEMBL2086495,chembl.compound:CHEMBL2086495,inchikey:CKXNJKWQGDGLFM-UHFFFAOYSA-N,,True
Q9UBP6,chembl.compound:Q9UBP6,,,False
Q00059,chembl.compound:Q00059,,,False
CHEMBL437306,chembl.compound:CHEMBL437306,inchikey:FSKYEZLXSOXCQO-UHFFFAOYSA-N,,True
CHEMBL360924,chembl.compound:CHEMBL360924,inchikey:FIXFXORISVPLHI-UHFFFAOYSA-N,,True
CHEBI:38867,chembl.compound:CHEBI:38867,,,False
CHEMBL1830901,chembl.compound:CHEMBL1830901,inchikey:QFILSKCJZBACNI-UHFFFAOYSA-N,,True
CHEMBL511960,chembl.compound:CHEMBL511960,inchikey:LQTDIHXAVWWONG-NRFANRHFSA-N,,True
CHEMBL2086497,chembl.compound:CHEMBL2086497,inchikey:HFSSRGLILUTZIF-JLHYYAGUSA-N,,True
CHEMBL1672237,chembl.compound:CHEMBL1672237,inchikey:SRWWMRVOWRSOIO-UHFFFAOYSA-N,,True
Q8WV74,chembl.compound:Q8WV74,,,False
P09972,chembl.compound:P09972,,,False
Q4KMZ8,chembl.compound:Q4KMZ8,,,False
Q8N609,chembl.compound:Q8N609,,,False
CHEMBL1201536,chembl.compound:CHEMBL1201536,chembl.compound:CHEMBL1201536,,True
A6NJV1,chembl.compound:A6NJV1,,,False
CHEMBL91005,chembl.compound:CHEMBL91005,inchikey:QULUBEZVAACGFX-QMMMGPOBSA-N,,True
Q9NY37,chembl.compound:Q9NY37,,,False
CHEMBL224730,chembl.compound:CHEMBL224730,inchikey:BLZYVFWTYKBEOQ-XSLAGTTESA-O,,True
CHEMBL223876,chembl.compound:CHEMBL223876,inchikey:HFMCVIZOMVYWSL-KCXAZCMYSA-N,,True
O14495,chembl.compound:O14495,,,False
CHEMBL390942,chembl.compound:CHEMBL390942,inchikey:UMBWWQUDQBOTPC-KKUMJFAQSA-N,,True
CHEMBL389037,chembl.compound:CHEMBL389037,inchikey:ICNQGPKTIHCJTK-UFYCRDLUSA-N,,True
DB00657,chembl.compound:DB00657,,,False
D6REC3,chembl.compound:D6REC3,,,False
CHEMBL374625,chembl.compound:CHEMBL374625,inchikey:DZUMYPZALGFWNE-KCXAZCMYSA-N,,True
CHEMBL388350,chembl.compound:CHEMBL388350,inchikey:HFMCVIZOMVYWSL-RCBQFDQVSA-N,,True
CHEMBL388528,chembl.compound:CHEMBL388528,inchikey:UMZNTAWXTITBIR-JYJNAYRXSA-N,,True
CHEMBL314031,chembl.compound:CHEMBL314031,inchikey:LDTOGLNANBBKQF-CQSZACIVSA-N,,True
CHEMBL1823380,chembl.compound:CHEMBL1823380,inchikey:SGKHYTHELMNODZ-ZYHUDNBSSA-N,,True
CHEMBL224715,chembl.compound:CHEMBL224715,inchikey:DZUMYPZALGFWNE-RCBQFDQVSA-N,,True
CHEMBL197795,chembl.compound:CHEMBL197795,inchikey:TVVKADWKCVPRFE-COFSWBFLSA-N,,True
CHEMBL375196,chembl.compound:CHEMBL375196,inchikey:WDSXKLORUSKPMN-MNEFBYGVSA-N,,True
P34981,chembl.compound:P34981,,,False
CHEMBL224525,chembl.compound:CHEMBL224525,inchikey:SCMIAOSETGLCNA-KKUMJFAQSA-N,,True
Q8NCU7,chembl.compound:Q8NCU7,,,False
CHEMBL437735,chembl.compound:CHEMBL437735,inchikey:QMIJXNVCZSVRKE-BZSNNMDCSA-N,,True
Q8NGJ5,chembl.compound:Q8NGJ5,,,False
CHEMBL376135,chembl.compound:CHEMBL376135,inchikey:WDSXKLORUSKPMN-SNRMKQJTSA-N,,True
CHEMBL389955,chembl.compound:CHEMBL389955,inchikey:KTHCCJBWKFJHQW-RCBQFDQVSA-N,,True
DB09421,chembl.compound:DB09421,,,False
CHEMBL1834091,chembl.compound:CHEMBL1834091,inchikey:XUOYIZBDMDPDEJ-UHFFFAOYSA-N,,True
CHEMBL3234772,chembl.compound:CHEMBL3234772,inchikey:AIMKFQOZDDCIAX-UHFFFAOYSA-N,,True
CHEMBL291398,chembl.compound:CHEMBL291398,inchikey:PZHBDNKGVXGCFL-UHFFFAOYSA-N,,True
CHEMBL196634,chembl.compound:CHEMBL196634,inchikey:MDZAFBQZPJACOT-ZMLUQPSXSA-N,,True
CHEMBL1802337,chembl.compound:CHEMBL1802337,inchikey:YQKSVSCZCPUFSO-UHFFFAOYSA-N,,True
CHEMBL469932,chembl.compound:CHEMBL469932,inchikey:VSRDDIXOACNXNB-DULVUOHVSA-N,,True
CHEMBL2398214,chembl.compound:CHEMBL2398214,inchikey:UFUHGICPAGBHCV-UHFFFAOYSA-N,,True
CHEMBL1201152,chembl.compound:CHEMBL1201152,inchikey:WJBLNOPPDWQMCH-MBPVOVBZSA-N,,True
CHEMBL1823385,chembl.compound:CHEMBL1823385,inchikey:WSVQLAYQNDPDAM-FOGDFJRCSA-N,,True
CHEMBL2332354,chembl.compound:CHEMBL2332354,inchikey:UXSACQOOWZMGSE-RWORTQBESA-N,,True
CHEMBL2332346,chembl.compound:CHEMBL2332346,inchikey:OTIAAGNDDJEMIJ-UKLNBOJVSA-N,,True
CHEMBL388812,chembl.compound:CHEMBL388812,inchikey:HMHUEOPFYVPOJC-KKUMJFAQSA-N,,True
CHEMBL224655,chembl.compound:CHEMBL224655,inchikey:CCPRCGWULGRROO-KKUMJFAQSA-N,,True
Q9GZZ9,chembl.compound:Q9GZZ9,,,False
CHEMBL1738703,chembl.compound:CHEMBL1738703,inchikey:DGOVAFNEOBXFEF-AWEZNQCLSA-N,,True
CHEMBL3234771,chembl.compound:CHEMBL3234771,inchikey:PNMRMEXSPUOBKG-UHFFFAOYSA-N,,True
CHEMBL1831190,chembl.compound:CHEMBL1831190,inchikey:XFUKTUJTJFMDKB-HNNXBMFYSA-N,,True
CHEMBL1939369,chembl.compound:CHEMBL1939369,inchikey:FOCZPIHBQLIHFJ-UHFFFAOYSA-N,,True
CHEMBL3260480,chembl.compound:CHEMBL3260480,inchikey:OLFHSOXJKHUDGA-UHFFFAOYSA-N,,True
CHEMBL1831192,chembl.compound:CHEMBL1831192,inchikey:XHAWDBITIDBYAG-AWEZNQCLSA-N,,True
CHEMBL457042,chembl.compound:CHEMBL457042,inchikey:QVCCDDRAHNCHNO-UHFFFAOYSA-N,,True
CHEMBL223972,chembl.compound:CHEMBL223972,inchikey:XEKXTRJKFKYSSD-IHRRRGAJSA-N,,True
CHEMBL389858,chembl.compound:CHEMBL389858,inchikey:KTHCCJBWKFJHQW-KCXAZCMYSA-N,,True
CHEMBL1774907,chembl.compound:CHEMBL1774907,inchikey:RXUUBYKQGWVWPQ-UHFFFAOYSA-N,,True
CHEMBL1779543,chembl.compound:CHEMBL1779543,inchikey:RPEZFJINCXMCIT-LJQANCHMSA-N,,True
CHEMBL2347911,chembl.compound:CHEMBL2347911,inchikey:MAFTZLXVWCETJT-UHFFFAOYSA-N,,True
CHEMBL3234773,chembl.compound:CHEMBL3234773,inchikey:QIWVPINCEFIBLF-UHFFFAOYSA-N,,True
CHEMBL372694,chembl.compound:CHEMBL372694,inchikey:NUQYCHNZKQSZQI-GLTDJJSUSA-N,,True
CHEMBL515820,chembl.compound:CHEMBL515820,inchikey:YLKROOFSLDEUBO-UHFFFAOYSA-N,,True
CHEMBL380815,chembl.compound:CHEMBL380815,inchikey:YCBDTYOHGRNADG-LMZWQJSESA-N,,True
CHEMBL1807808,chembl.compound:CHEMBL1807808,inchikey:RENRGENBCMHTBB-AEFFLSMTSA-N,,True
CHEMBL1801575,chembl.compound:CHEMBL1801575,inchikey:MLVRXZUTFAOHBQ-UHFFFAOYSA-N,,True
CHEMBL1939377,chembl.compound:CHEMBL1939377,inchikey:ZEZZQOYWCJVUGQ-UHFFFAOYSA-N,,True
CHEMBL1939384,chembl.compound:CHEMBL1939384,inchikey:OCXHPRWGVPUSAP-UHFFFAOYSA-N,,True
CHEMBL370404,chembl.compound:CHEMBL370404,inchikey:PSLZZCUTBGWQFS-LMZWQJSESA-N,,True
CHEMBL1823383,chembl.compound:CHEMBL1823383,inchikey:VGOGILKUALKOOP-MWLCHTKSSA-N,,True
CHEMBL1828656,chembl.compound:CHEMBL1828656,inchikey:VEGHCLVTJGJUNQ-UHFFFAOYSA-N,,True
CHEMBL284092,chembl.compound:CHEMBL284092,inchikey:QOIGKGMMAGJZNZ-UHFFFAOYSA-N,,True
CHEMBL381213,chembl.compound:CHEMBL381213,inchikey:RBKYACKSJLTYQN-JEVRCCDFSA-N,,True
CHEMBL381772,chembl.compound:CHEMBL381772,inchikey:UYFVMRBPHYDMPI-UHFFFAOYSA-N,,True
CHEMBL1823384,chembl.compound:CHEMBL1823384,inchikey:WSVQLAYQNDPDAM-CKYFFXLPSA-N,,True
CHEMBL2398212,chembl.compound:CHEMBL2398212,inchikey:BIGPXXAUSQLTQR-UHFFFAOYSA-N,,True
CHEMBL1834385,chembl.compound:CHEMBL1834385,inchikey:DMEGQEWPMXDRMO-UHFFFAOYSA-N,,True
Q32NB8,chembl.compound:Q32NB8,,,False
CHEMBL1834386,chembl.compound:CHEMBL1834386,inchikey:CMVSERWVNYLVGI-UHFFFAOYSA-N,,True
CHEMBL1823386,chembl.compound:CHEMBL1823386,inchikey:YYYZECAFXQBICR-JGVFFNPUSA-N,,True
CHEMBL538868,chembl.compound:CHEMBL538868,inchikey:UUHVRJUKMHUDDA-UHFFFAOYSA-N,,True
CHEMBL82854,chembl.compound:CHEMBL82854,inchikey:LJNZPIKVLMVMOX-UHFFFAOYSA-N,,True
CHEMBL293649,chembl.compound:CHEMBL293649,inchikey:SXRPRXJTRLBYNK-UHFFFAOYSA-N,,True
CHEMBL2332347,chembl.compound:CHEMBL2332347,inchikey:ZGEFAWWFLHUTII-ZNOBHYIQSA-N,,True
CHEMBL1831191,chembl.compound:CHEMBL1831191,inchikey:ULCHUCJOYLEPEM-ZDUSSCGKSA-N,,True
CHEMBL1760603,chembl.compound:CHEMBL1760603,inchikey:SBTPIZYWNCHNOG-AWEZNQCLSA-N,,True
CHEMBL86462,chembl.compound:CHEMBL86462,inchikey:BXWQOIQGPVHUGH-UHFFFAOYSA-N,,True
CHEMBL3233752,chembl.compound:CHEMBL3233752,inchikey:GIQAPSWPNVRJGI-UHFFFAOYSA-N,,True
CHEMBL1823387,chembl.compound:CHEMBL1823387,inchikey:BLCLSUGHEXNQAK-JGVFFNPUSA-N,,True
CHEMBL1774916,chembl.compound:CHEMBL1774916,inchikey:XTTVAFSDZYWZOX-UHFFFAOYSA-N,,True
CHEMBL1802338,chembl.compound:CHEMBL1802338,inchikey:MOXWHTCHMITCHL-UHFFFAOYSA-N,,True
CHEMBL595607,chembl.compound:CHEMBL595607,inchikey:HBKFRQKTXQIBDE-UHFFFAOYSA-N,,True
CHEMBL1698,chembl.compound:CHEMBL1698,inchikey:SNPPWIUOZRMYNY-UHFFFAOYSA-N,,True
CHEMBL1939373,chembl.compound:CHEMBL1939373,inchikey:FLKKRILCGIEOOD-UHFFFAOYSA-N,,True
CHEMBL1801576,chembl.compound:CHEMBL1801576,inchikey:TVJYYMLKSLKUDV-UHFFFAOYSA-N,,True
CHEMBL1213895,chembl.compound:CHEMBL1213895,inchikey:GIAJVTULHUCXCU-UHFFFAOYSA-N,,True
CHEMBL1807811,chembl.compound:CHEMBL1807811,inchikey:KRHCYUXPGWYNDE-ZWCUEREDSA-N,,True
CHEMBL515048,chembl.compound:CHEMBL515048,inchikey:UTWGFIMJBOZKAO-UHFFFAOYSA-N,,True
CHEMBL65324,chembl.compound:CHEMBL65324,inchikey:MBFUUTUPEKSDBX-UHFFFAOYSA-N,,True
CHEMBL512489,chembl.compound:CHEMBL512489,inchikey:SIXVFZKPBRDLQR-LRFOCFGISA-N,,True
CHEMBL1774909,chembl.compound:CHEMBL1774909,inchikey:IFMQECKWMZDRQN-UHFFFAOYSA-N,,True
CHEMBL3233490,chembl.compound:CHEMBL3233490,inchikey:UPMLVVTXEBSJKH-UHFFFAOYSA-N,,True
CHEMBL3234763,chembl.compound:CHEMBL3234763,inchikey:ZJSCBXBMQFTBAY-UHFFFAOYSA-N,,True
CHEMBL1812748,chembl.compound:CHEMBL1812748,inchikey:QGJBJCQWBZDANK-WGWURMLHSA-N,,True
CHEMBL2398213,chembl.compound:CHEMBL2398213,inchikey:ZCALMLVWZSQGGR-UHFFFAOYSA-N,,True
CHEMBL1939381,chembl.compound:CHEMBL1939381,inchikey:DNNLUHZMPFRCHW-UHFFFAOYSA-N,,True
CHEMBL1823382,chembl.compound:CHEMBL1823382,inchikey:IPHAQVCLGKKESE-UKRRQHHQSA-N,,True
CHEMBL543564,chembl.compound:CHEMBL543564,inchikey:CSJQXOUMYNIPCU-UHFFFAOYSA-N,,True
D018757,chembl.compound:D018757,,,False
CHEMBL280511,chembl.compound:CHEMBL280511,inchikey:PBBXFXVIDNMYKC-NKWVEPMBSA-N,,True
CHEMBL1807794,chembl.compound:CHEMBL1807794,inchikey:HGNIKZYVUYNHHF-ROUUACIJSA-N,,True
CHEMBL2177254,chembl.compound:CHEMBL2177254,inchikey:JSJIONMPHFVJMY-UHFFFAOYSA-N,,True
CHEMBL1213894,chembl.compound:CHEMBL1213894,inchikey:PZVIBISJBVOIMW-UHFFFAOYSA-N,,True
CHEMBL515763,chembl.compound:CHEMBL515763,inchikey:WDPUHMPVZBSBGB-LICLKQGHSA-N,,True
CHEMBL87871,chembl.compound:CHEMBL87871,inchikey:COXRYMRCDKQOBJ-UHFFFAOYSA-N,,True
CHEMBL1823381,chembl.compound:CHEMBL1823381,inchikey:VGBDXHHMMFYQNT-ZYHUDNBSSA-N,,True
CHEMBL314676,chembl.compound:CHEMBL314676,inchikey:HROKXUUKPMIJIT-UHFFFAOYSA-N,,True
CHEMBL1834092,chembl.compound:CHEMBL1834092,inchikey:OSWVJUUBKZFLNF-UHFFFAOYSA-N,,True
CHEMBL553506,chembl.compound:CHEMBL553506,inchikey:UOPIILYKLVDKTK-SCZZXKLOSA-N,,True
CHEMBL1939375,chembl.compound:CHEMBL1939375,inchikey:INCKCPRNUKUIPD-UHFFFAOYSA-N,,True
CHEMBL3235114,chembl.compound:CHEMBL3235114,inchikey:NCZKFFVXUCMMPH-UHFFFAOYSA-N,,True
CHEMBL207352,chembl.compound:CHEMBL207352,inchikey:XLOMUGSYXBRRNG-UHFFFAOYSA-N,,True
CHEMBL1774923,chembl.compound:CHEMBL1774923,inchikey:BXUPOUMTIMEFOP-UHFFFAOYSA-N,,True
CHEMBL1834096,chembl.compound:CHEMBL1834096,inchikey:FPTCGMGLTQPTGE-UHFFFAOYSA-N,,True
CHEMBL106038,chembl.compound:CHEMBL106038,inchikey:NANIAMUABWKWDQ-UHFFFAOYSA-N,,True
CHEMBL1779537,chembl.compound:CHEMBL1779537,inchikey:HIBZKCZRHCXVEZ-KRWDZBQOSA-N,,True
CHEMBL197570,chembl.compound:CHEMBL197570,inchikey:VDDMGZVNQIKUFG-HFYUIAQZSA-N,,True
CHEMBL1807791,chembl.compound:CHEMBL1807791,inchikey:BDFNVHFLLPLTRV-ZBFHGGJFSA-N,,True
CHEMBL1834094,chembl.compound:CHEMBL1834094,inchikey:FQJFNAVQVZPULA-UHFFFAOYSA-N,,True
P59103,chembl.compound:P59103,,,False
CHEMBL1760601,chembl.compound:CHEMBL1760601,inchikey:DGACETPAWZTFGK-UHFFFAOYSA-N,,True
CHEMBL1830708,chembl.compound:CHEMBL1830708,inchikey:RZBNNZQLMKBBNX-UHFFFAOYSA-N,,True
CHEMBL112834,chembl.compound:CHEMBL112834,inchikey:NVYATAJRTRFKSW-UHFFFAOYSA-N,,True
CHEMBL1807802,chembl.compound:CHEMBL1807802,inchikey:RBWHSVCFANTGQI-OALUTQOASA-N,,True
CHEMBL191835,chembl.compound:CHEMBL191835,inchikey:OAWQHRCJPAXHOJ-UHFFFAOYSA-N,,True
CHEMBL1831189,chembl.compound:CHEMBL1831189,inchikey:SJZDBMWGYFFDEU-ZDUSSCGKSA-N,,True
CHEMBL3234779,chembl.compound:CHEMBL3234779,inchikey:IFJMXDFIGLLVMW-UHFFFAOYSA-N,,True
CHEMBL1807813,chembl.compound:CHEMBL1807813,inchikey:ZRAYVGSXRWTSBW-QZXAKIBKSA-N,,True
CHEMBL2332365,chembl.compound:CHEMBL2332365,inchikey:QDTCMYWFUPXQPA-RWORTQBESA-N,,True
CHEMBL1173701,chembl.compound:CHEMBL1173701,inchikey:CWQJTYANMLPKAM-IFXJQAMLSA-N,,True
CHEMBL1738804,chembl.compound:CHEMBL1738804,inchikey:SHQYMCWXQPPEMC-UHFFFAOYSA-N,,True
CHEMBL1801574,chembl.compound:CHEMBL1801574,inchikey:SWZCAVRNPRSYJT-UHFFFAOYSA-N,,True
152100,chembl.compound:152100,,,False
198437,chembl.compound:198437,,,False
139604,chembl.compound:139604,,,False
100507221,chembl.compound:100507221,,,False
132321,chembl.compound:132321,,,False
149563,chembl.compound:149563,,,False
Q6P1X6,chembl.compound:Q6P1X6,,,False
203562,chembl.compound:203562,,,False
DOID:1574,chembl.compound:DOID:1574,,,False
29057,chembl.compound:29057,,,False
GO:0007198,chembl.compound:GO:0007198,,,False
55051,chembl.compound:55051,,,False
155038,chembl.compound:155038,,,False
C0085762,chembl.compound:C0085762,,,False
134265,chembl.compound:134265,,,False
P41594,chembl.compound:P41594,,,False
DOID:12351,chembl.compound:DOID:12351,,,False
C0236663,chembl.compound:C0236663,,,False
4099,chembl.compound:4099,,,False
119682,chembl.compound:119682,,,False
Q9BVV7,chembl.compound:Q9BVV7,,,False
220004,chembl.compound:220004,,,False
79710,chembl.compound:79710,,,False
85397,chembl.compound:85397,,,False
63920,chembl.compound:63920,,,False
8484,chembl.compound:8484,,,False
C0860945,chembl.compound:C0860945,,,False
C0857093,chembl.compound:C0857093,,,False
C0221758,chembl.compound:C0221758,,,False
C0426623,chembl.compound:C0426623,,,False
WP58_r96087,chembl.compound:WP58_r96087,,,False
C0521508,chembl.compound:C0521508,,,False
Q9Y606,chembl.compound:Q9Y606,,,False
GO:0004993,chembl.compound:GO:0004993,,,False
DOID:8519,chembl.compound:DOID:8519,,,False
C0948396,chembl.compound:C0948396,,,False
UBERON:0003948,chembl.compound:UBERON:0003948,,,False
DOID:112,chembl.compound:DOID:112,,,False
Q9Y3D7,chembl.compound:Q9Y3D7,,,False
DOID:12550,chembl.compound:DOID:12550,,,False
C0948008,chembl.compound:C0948008,,,False
P49448,chembl.compound:P49448,,,False
D000986,chembl.compound:D000986,,,False
PC7_4469,chembl.compound:PC7_4469,,,False
Q9H9B4,chembl.compound:Q9H9B4,,,False
C0234925,chembl.compound:C0234925,,,False
UBERON:0034945,chembl.compound:UBERON:0034945,,,False
P28676,chembl.compound:P28676,,,False
C0424109,chembl.compound:C0424109,,,False
UBERON:0011955,chembl.compound:UBERON:0011955,,,False
DOID:1561,chembl.compound:DOID:1561,,,False
O76064,chembl.compound:O76064,,,False
GO:0050975,chembl.compound:GO:0050975,,,False
C0003962,chembl.compound:C0003962,,,False
Q7Z2W9,chembl.compound:Q7Z2W9,,,False
N0000006999,chembl.compound:N0000006999,,,False
Q8WZA2,chembl.compound:Q8WZA2,,,False
J3KR12,chembl.compound:J3KR12,,,False
C0341047,chembl.compound:C0341047,,,False
DOID:1984,chembl.compound:DOID:1984,,,False
CHEMBL560296,chembl.compound:CHEMBL560296,inchikey:JMMLZWNYIVVPOH-UHFFFAOYSA-N,,True
GO:0004833,chembl.compound:GO:0004833,,,False
B4DLN1,chembl.compound:B4DLN1,,,False
UBERON:0034948,chembl.compound:UBERON:0034948,,,False
CHEMBL2152210,chembl.compound:CHEMBL2152210,inchikey:HDKRHKNPKSVEFV-UHFFFAOYSA-N,,True
GO:0018872,chembl.compound:GO:0018872,,,False
CHEMBL1209590,chembl.compound:CHEMBL1209590,inchikey:UAVZWWNZULFVNJ-UHFFFAOYSA-N,,True
P12277,chembl.compound:P12277,,,False
CHEMBL212529,chembl.compound:CHEMBL212529,inchikey:MXGUAAMFCPDOEZ-UHFFFAOYSA-N,,True
GO:0099583,chembl.compound:GO:0099583,,,False
C0232807,chembl.compound:C0232807,,,False
P07954,chembl.compound:P07954,,,False
P03905,chembl.compound:P03905,,,False
P25325,chembl.compound:P25325,,,False
P06576,chembl.compound:P06576,,,False
GO:0021750,chembl.compound:GO:0021750,,,False
DOID:4964,chembl.compound:DOID:4964,,,False
D055948,chembl.compound:D055948,,,False
C0085681,chembl.compound:C0085681,,,False
D020270,chembl.compound:D020270,,,False
Q9BSD7,chembl.compound:Q9BSD7,,,False
C0863083,chembl.compound:C0863083,,,False
C0857051,chembl.compound:C0857051,,,False
C0149642,chembl.compound:C0149642,,,False
GO:0060084,chembl.compound:GO:0060084,,,False
GO:0016155,chembl.compound:GO:0016155,,,False
C0424741,chembl.compound:C0424741,,,False
CHEMBL1923571,chembl.compound:CHEMBL1923571,inchikey:VFKPLCLOSWACIS-UHFFFAOYSA-N,,True
DOID:14018,chembl.compound:DOID:14018,,,False
DOID:10762,chembl.compound:DOID:10762,,,False
N0000007542,chembl.compound:N0000007542,,,False
DOID:13413,chembl.compound:DOID:13413,,,False
CHEMBL584209,chembl.compound:CHEMBL584209,inchikey:CMLOGIAOLIBOQF-NWDGAFQWSA-N,,True
CHEMBL307968,chembl.compound:CHEMBL307968,inchikey:NZBGPQIBCIBEQA-UHFFFAOYSA-N,,True
GO:0008066,chembl.compound:GO:0008066,,,False
UBERON:0009029,chembl.compound:UBERON:0009029,,,False
GO:0098988,chembl.compound:GO:0098988,,,False
CHEMBL3235177,chembl.compound:CHEMBL3235177,inchikey:JBYFJUSRZLGWCK-UHFFFAOYSA-N,,True
CHEMBL129334,chembl.compound:CHEMBL129334,inchikey:RBLUVVQUCWAZJO-HXROPTTBSA-N,,True
CHEMBL3109802,chembl.compound:CHEMBL3109802,inchikey:VDRYGTNDKXIPSK-UHFFFAOYSA-N,,True
GO:0005232,chembl.compound:GO:0005232,,,False
CHEMBL1836400,chembl.compound:CHEMBL1836400,inchikey:DPXSEIKYSLLDBZ-UHFFFAOYSA-N,,True
CHEMBL124522,chembl.compound:CHEMBL124522,inchikey:AXNZGQLJVJVQDM-CBKZOCRPSA-N,,True
UBERON:0034693,chembl.compound:UBERON:0034693,,,False
GO:0007196,chembl.compound:GO:0007196,,,False
DOID:14042,chembl.compound:DOID:14042,,,False
CHEMBL377649,chembl.compound:CHEMBL377649,inchikey:AYWHETDHKQSQJT-UHFFFAOYSA-N,,True
CHEMBL172059,chembl.compound:CHEMBL172059,inchikey:OIJRANHRCJBGFV-UHFFFAOYSA-N,,True
DOID:5062,chembl.compound:DOID:5062,,,False
GO:0009258,chembl.compound:GO:0009258,,,False
GO:0022850,chembl.compound:GO:0022850,,,False
GO:0090663,chembl.compound:GO:0090663,,,False
GO:0032447,chembl.compound:GO:0032447,,,False
N0000180182,chembl.compound:N0000180182,,,False
PC7_7432,chembl.compound:PC7_7432,,,False
GO:0015501,chembl.compound:GO:0015501,,,False
N0000175833,chembl.compound:N0000175833,,,False
DOID:3720,chembl.compound:DOID:3720,,,False
DOID:0070085,chembl.compound:DOID:0070085,,,False
GO:0043176,chembl.compound:GO:0043176,,,False
DOID:1596,chembl.compound:DOID:1596,,,False
D014179,chembl.compound:D014179,,,False
GO:0031048,chembl.compound:GO:0031048,,,False
GO:0010482,chembl.compound:GO:0010482,,,False
GO:0005335,chembl.compound:GO:0005335,,,False
D000927,chembl.compound:D000927,,,False
DOID:0110895,chembl.compound:DOID:0110895,,,False
GO:0015277,chembl.compound:GO:0015277,,,False
GO:0047150,chembl.compound:GO:0047150,,,False
GO:0002086,chembl.compound:GO:0002086,,,False
N0000175690,chembl.compound:N0000175690,,,False
PC7_4965,chembl.compound:PC7_4965,,,False
GO:0051584,chembl.compound:GO:0051584,,,False
GO:0060160,chembl.compound:GO:0060160,,,False
GO:0007210,chembl.compound:GO:0007210,,,False
GO:0006069,chembl.compound:GO:0006069,,,False
UBERON:2000779,chembl.compound:UBERON:2000779,,,False
N0000192563,chembl.compound:N0000192563,,,False
GO:0002752,chembl.compound:GO:0002752,,,False
UBERON:0001219,chembl.compound:UBERON:0001219,,,False
PC7_1540,chembl.compound:PC7_1540,,,False
GO:0004905,chembl.compound:GO:0004905,,,False
N0000186105,chembl.compound:N0000186105,,,False
GO:0004569,chembl.compound:GO:0004569,,,False
GO:0030809,chembl.compound:GO:0030809,,,False
D000928,chembl.compound:D000928,,,False
GO:0047045,chembl.compound:GO:0047045,,,False
N0000009917,chembl.compound:N0000009917,,,False
GO:0150057,chembl.compound:GO:0150057,,,False
N0000007681,chembl.compound:N0000007681,,,False
UBERON:0002148,chembl.compound:UBERON:0002148,,,False
UBERON:4200032,chembl.compound:UBERON:4200032,,,False
UBERON:0004514,chembl.compound:UBERON:0004514,,,False
GO:0005697,chembl.compound:GO:0005697,,,False
PC7_4468,chembl.compound:PC7_4468,,,False
UBERON:0010535,chembl.compound:UBERON:0010535,,,False
UBERON:0002357,chembl.compound:UBERON:0002357,,,False
UBERON:0014525,chembl.compound:UBERON:0014525,,,False
PC7_3756,chembl.compound:PC7_3756,,,False
UBERON:0013151,chembl.compound:UBERON:0013151,,,False
D059226,chembl.compound:D059226,,,False
GO:0033553,chembl.compound:GO:0033553,,,False
UBERON:0010551,chembl.compound:UBERON:0010551,,,False
UBERON:0004257,chembl.compound:UBERON:0004257,,,False
PC7_3808,chembl.compound:PC7_3808,,,False
UBERON:0004632,chembl.compound:UBERON:0004632,,,False
PC7_8303,chembl.compound:PC7_8303,,,False
D003693,chembl.compound:D003693,,,False
WP4189_r98185,chembl.compound:WP4189_r98185,,,False
UBERON:0018099,chembl.compound:UBERON:0018099,,,False
PC7_4496,chembl.compound:PC7_4496,,,False
UBERON:2005268,chembl.compound:UBERON:2005268,,,False
GO:1902710,chembl.compound:GO:1902710,,,False
PC7_6903,chembl.compound:PC7_6903,,,False
WP501_r79715,chembl.compound:WP501_r79715,,,False
WP4479_r102253,chembl.compound:WP4479_r102253,,,False
PC7_2673,chembl.compound:PC7_2673,,,False
PC7_6874,chembl.compound:PC7_6874,,,False
GO:0031499,chembl.compound:GO:0031499,,,False
GO:0032133,chembl.compound:GO:0032133,,,False
GO:0005655,chembl.compound:GO:0005655,,,False
PC7_6190,chembl.compound:PC7_6190,,,False
GO:0098533,chembl.compound:GO:0098533,,,False
WP2249_r84646,chembl.compound:WP2249_r84646,,,False
GO:0044194,chembl.compound:GO:0044194,,,False
GO:1902560,chembl.compound:GO:1902560,,,False
GO:0071914,chembl.compound:GO:0071914,,,False
GO:0099154,chembl.compound:GO:0099154,,,False
GO:1903440,chembl.compound:GO:1903440,,,False
WP2868_r78079,chembl.compound:WP2868_r78079,,,False
GO:0019815,chembl.compound:GO:0019815,,,False
GO:0071001,chembl.compound:GO:0071001,,,False
GO:0032045,chembl.compound:GO:0032045,,,False
GO:0097413,chembl.compound:GO:0097413,,,False
D062026,chembl.compound:D062026,,,False
D019462,chembl.compound:D019462,,,False
D019547,chembl.compound:D019547,,,False
D018771,chembl.compound:D018771,,,False
D014550,chembl.compound:D014550,,,False
D002100,chembl.compound:D002100,,,False
D000076042,chembl.compound:D000076042,,,False
D014884,chembl.compound:D014884,,,False
D003244,chembl.compound:D003244,,,False
D053584,chembl.compound:D053584,,,False
D016534,chembl.compound:D016534,,,False
D017682,chembl.compound:D017682,,,False
